<Anims>
 <anim name="BUILD" root="swap_mygita" numframes="1000" framerate="40">
  <frame idx="0" w="613" h="946" x="532.124207" y="1092.083862">
   <element name="swap_mygita" layername="swap_mygita" frame="0" z_index="0" m_a="3.512190" m_b="0.000000" m_c="0.000000" m_d="3.007090" m_tx="162.951996" m_ty="471.204987"/>
  </frame>
  <frame idx="25" w="613" h="946" x="532.124207" y="1092.083862">
   <element name="swap_mygita" layername="swap_mygita" frame="0" z_index="0" m_a="3.512190" m_b="0.000000" m_c="0.000000" m_d="3.007090" m_tx="162.951996" m_ty="471.204987"/>
  </frame>
  <frame idx="50" w="613" h="946" x="532.124207" y="1092.083862">
   <element name="swap_mygita" layername="swap_mygita" frame="0" z_index="0" m_a="3.512190" m_b="0.000000" m_c="0.000000" m_d="3.007090" m_tx="162.951996" m_ty="471.204987"/>
  </frame>
  <frame idx="75" w="613" h="946" x="532.124207" y="1092.083862">
   <element name="swap_mygita" layername="swap_mygita" frame="0" z_index="0" m_a="3.512190" m_b="0.000000" m_c="0.000000" m_d="3.007090" m_tx="162.951996" m_ty="471.204987"/>
  </frame>
  <frame idx="100" w="613" h="946" x="532.124207" y="1092.083862">
   <element name="swap_mygita" layername="swap_mygita" frame="0" z_index="0" m_a="3.512190" m_b="0.000000" m_c="0.000000" m_d="3.007090" m_tx="162.951996" m_ty="471.204987"/>
  </frame>
  <frame idx="125" w="613" h="946" x="532.124207" y="1092.083862">
   <element name="swap_mygita" layername="swap_mygita" frame="0" z_index="0" m_a="3.512190" m_b="0.000000" m_c="0.000000" m_d="3.007090" m_tx="162.951996" m_ty="471.204987"/>
  </frame>
  <frame idx="150" w="613" h="946" x="532.124329" y="1092.083862">
   <element name="swap_mygita" layername="swap_mygita" frame="0" z_index="0" m_a="3.512191" m_b="0.000000" m_c="0.000000" m_d="3.007090" m_tx="162.951996" m_ty="471.204987"/>
  </frame>
  <frame idx="175" w="613" h="946" x="532.124207" y="1092.083862">
   <element name="swap_mygita" layername="swap_mygita" frame="0" z_index="0" m_a="3.512190" m_b="0.000000" m_c="0.000000" m_d="3.007090" m_tx="162.951996" m_ty="471.204987"/>
  </frame>
  <frame idx="200" w="613" h="946" x="532.124207" y="1092.083862">
   <element name="swap_mygita" layername="swap_mygita" frame="0" z_index="0" m_a="3.512190" m_b="0.000000" m_c="0.000000" m_d="3.007090" m_tx="162.951996" m_ty="471.204987"/>
  </frame>
  <frame idx="225" w="613" h="946" x="532.124207" y="1092.083862">
   <element name="swap_mygita" layername="swap_mygita" frame="0" z_index="0" m_a="3.512190" m_b="0.000000" m_c="0.000000" m_d="3.007090" m_tx="162.951996" m_ty="471.204987"/>
  </frame>
  <frame idx="250" w="613" h="946" x="532.124207" y="1092.083862">
   <element name="swap_mygita" layername="swap_mygita" frame="0" z_index="0" m_a="3.512190" m_b="0.000000" m_c="0.000000" m_d="3.007090" m_tx="162.951996" m_ty="471.204987"/>
  </frame>
  <frame idx="275" w="613" h="946" x="532.124207" y="1092.083862">
   <element name="swap_mygita" layername="swap_mygita" frame="0" z_index="0" m_a="3.512190" m_b="0.000000" m_c="0.000000" m_d="3.007090" m_tx="162.951996" m_ty="471.204987"/>
  </frame>
  <frame idx="300" w="613" h="946" x="532.124207" y="1092.083862">
   <element name="swap_mygita" layername="swap_mygita" frame="0" z_index="0" m_a="3.512190" m_b="0.000000" m_c="0.000000" m_d="3.007090" m_tx="162.951996" m_ty="471.204987"/>
  </frame>
  <frame idx="325" w="613" h="946" x="532.124207" y="1092.083862">
   <element name="swap_mygita" layername="swap_mygita" frame="0" z_index="0" m_a="3.512190" m_b="0.000000" m_c="0.000000" m_d="3.007090" m_tx="162.951996" m_ty="471.204987"/>
  </frame>
  <frame idx="350" w="613" h="946" x="532.124207" y="1092.083862">
   <element name="swap_mygita" layername="swap_mygita" frame="0" z_index="0" m_a="3.512190" m_b="0.000000" m_c="0.000000" m_d="3.007090" m_tx="162.951996" m_ty="471.204987"/>
  </frame>
  <frame idx="375" w="613" h="946" x="532.124207" y="1092.083862">
   <element name="swap_mygita" layername="swap_mygita" frame="0" z_index="0" m_a="3.512190" m_b="0.000000" m_c="0.000000" m_d="3.007090" m_tx="162.951996" m_ty="471.204987"/>
  </frame>
  <frame idx="400" w="613" h="946" x="532.124207" y="1092.083862">
   <element name="swap_mygita" layername="swap_mygita" frame="0" z_index="0" m_a="3.512190" m_b="0.000000" m_c="0.000000" m_d="3.007090" m_tx="162.951996" m_ty="471.204987"/>
  </frame>
  <frame idx="425" w="613" h="946" x="532.124207" y="1092.083862">
   <element name="swap_mygita" layername="swap_mygita" frame="0" z_index="0" m_a="3.512190" m_b="0.000000" m_c="0.000000" m_d="3.007090" m_tx="162.951996" m_ty="471.204987"/>
  </frame>
  <frame idx="450" w="613" h="946" x="532.124207" y="1092.083862">
   <element name="swap_mygita" layername="swap_mygita" frame="0" z_index="0" m_a="3.512190" m_b="0.000000" m_c="0.000000" m_d="3.007090" m_tx="162.951996" m_ty="471.204987"/>
  </frame>
  <frame idx="475" w="613" h="946" x="532.124207" y="1092.083862">
   <element name="swap_mygita" layername="swap_mygita" frame="0" z_index="0" m_a="3.512190" m_b="0.000000" m_c="0.000000" m_d="3.007090" m_tx="162.951996" m_ty="471.204987"/>
  </frame>
  <frame idx="500" w="613" h="946" x="532.124207" y="1092.083862">
   <element name="swap_mygita" layername="swap_mygita" frame="0" z_index="0" m_a="3.512190" m_b="0.000000" m_c="0.000000" m_d="3.007090" m_tx="162.951996" m_ty="471.204987"/>
  </frame>
  <frame idx="525" w="613" h="946" x="532.124207" y="1092.083862">
   <element name="swap_mygita" layername="swap_mygita" frame="0" z_index="0" m_a="3.512190" m_b="0.000000" m_c="0.000000" m_d="3.007090" m_tx="162.951996" m_ty="471.204987"/>
  </frame>
  <frame idx="550" w="613" h="946" x="532.124207" y="1092.083862">
   <element name="swap_mygita" layername="swap_mygita" frame="0" z_index="0" m_a="3.512190" m_b="0.000000" m_c="0.000000" m_d="3.007090" m_tx="162.951996" m_ty="471.204987"/>
  </frame>
  <frame idx="575" w="613" h="946" x="532.124207" y="1092.083862">
   <element name="swap_mygita" layername="swap_mygita" frame="0" z_index="0" m_a="3.512190" m_b="0.000000" m_c="0.000000" m_d="3.007090" m_tx="162.951996" m_ty="471.204987"/>
  </frame>
  <frame idx="600" w="613" h="946" x="532.124207" y="1092.083862">
   <element name="swap_mygita" layername="swap_mygita" frame="0" z_index="0" m_a="3.512190" m_b="0.000000" m_c="0.000000" m_d="3.007090" m_tx="162.951996" m_ty="471.204987"/>
  </frame>
  <frame idx="625" w="613" h="946" x="532.124207" y="1092.083862">
   <element name="swap_mygita" layername="swap_mygita" frame="0" z_index="0" m_a="3.512190" m_b="0.000000" m_c="0.000000" m_d="3.007090" m_tx="162.951996" m_ty="471.204987"/>
  </frame>
  <frame idx="650" w="613" h="946" x="532.124207" y="1092.083862">
   <element name="swap_mygita" layername="swap_mygita" frame="0" z_index="0" m_a="3.512190" m_b="0.000000" m_c="0.000000" m_d="3.007090" m_tx="162.951996" m_ty="471.204987"/>
  </frame>
  <frame idx="675" w="613" h="946" x="532.124207" y="1092.083862">
   <element name="swap_mygita" layername="swap_mygita" frame="0" z_index="0" m_a="3.512190" m_b="0.000000" m_c="0.000000" m_d="3.007090" m_tx="162.951996" m_ty="471.204987"/>
  </frame>
  <frame idx="700" w="613" h="946" x="532.124207" y="1092.083862">
   <element name="swap_mygita" layername="swap_mygita" frame="0" z_index="0" m_a="3.512190" m_b="0.000000" m_c="0.000000" m_d="3.007090" m_tx="162.951996" m_ty="471.204987"/>
  </frame>
  <frame idx="725" w="613" h="946" x="532.124207" y="1092.083862">
   <element name="swap_mygita" layername="swap_mygita" frame="0" z_index="0" m_a="3.512190" m_b="0.000000" m_c="0.000000" m_d="3.007090" m_tx="162.951996" m_ty="471.204987"/>
  </frame>
  <frame idx="750" w="613" h="946" x="532.124207" y="1092.083862">
   <element name="swap_mygita" layername="swap_mygita" frame="0" z_index="0" m_a="3.512190" m_b="0.000000" m_c="0.000000" m_d="3.007090" m_tx="162.951996" m_ty="471.204987"/>
  </frame>
  <frame idx="775" w="613" h="946" x="532.124207" y="1092.083862">
   <element name="swap_mygita" layername="swap_mygita" frame="0" z_index="0" m_a="3.512190" m_b="0.000000" m_c="0.000000" m_d="3.007090" m_tx="162.951996" m_ty="471.204987"/>
  </frame>
  <frame idx="800" w="613" h="946" x="532.124207" y="1092.083862">
   <element name="swap_mygita" layername="swap_mygita" frame="0" z_index="0" m_a="3.512190" m_b="0.000000" m_c="0.000000" m_d="3.007090" m_tx="162.951996" m_ty="471.204987"/>
  </frame>
  <frame idx="825" w="613" h="946" x="532.124207" y="1092.084229">
   <element name="swap_mygita" layername="swap_mygita" frame="0" z_index="0" m_a="3.512190" m_b="0.000000" m_c="0.000000" m_d="3.007091" m_tx="162.951996" m_ty="471.204987"/>
  </frame>
  <frame idx="850" w="613" h="946" x="532.124207" y="1092.083862">
   <element name="swap_mygita" layername="swap_mygita" frame="0" z_index="0" m_a="3.512190" m_b="0.000000" m_c="0.000000" m_d="3.007090" m_tx="162.951996" m_ty="471.204987"/>
  </frame>
  <frame idx="875" w="613" h="946" x="532.124207" y="1092.083862">
   <element name="swap_mygita" layername="swap_mygita" frame="0" z_index="0" m_a="3.512190" m_b="0.000000" m_c="0.000000" m_d="3.007090" m_tx="162.951996" m_ty="471.204987"/>
  </frame>
  <frame idx="900" w="613" h="946" x="532.124207" y="1092.083862">
   <element name="swap_mygita" layername="swap_mygita" frame="0" z_index="0" m_a="3.512190" m_b="0.000000" m_c="0.000000" m_d="3.007090" m_tx="162.951996" m_ty="471.204987"/>
  </frame>
  <frame idx="925" w="613" h="946" x="532.124207" y="1092.083862">
   <element name="swap_mygita" layername="swap_mygita" frame="0" z_index="0" m_a="3.512190" m_b="0.000000" m_c="0.000000" m_d="3.007090" m_tx="162.951996" m_ty="471.204987"/>
  </frame>
  <frame idx="950" w="613" h="946" x="532.124207" y="1092.083862">
   <element name="swap_mygita" layername="swap_mygita" frame="0" z_index="0" m_a="3.512190" m_b="0.000000" m_c="0.000000" m_d="3.007090" m_tx="162.951996" m_ty="471.204987"/>
  </frame>
  <frame idx="975" w="613" h="946" x="532.124207" y="1092.083862">
   <element name="swap_mygita" layername="swap_mygita" frame="0" z_index="0" m_a="3.512190" m_b="0.000000" m_c="0.000000" m_d="3.007090" m_tx="162.951996" m_ty="471.204987"/>
  </frame>
 </anim>
</Anims>
