<Anims>
 <anim name="NewAnimation" root="entity_000" numframes="1000" framerate="40">
  <frame idx="0" w="121" h="245" x="60.692806" y="166.789154">
   <element name="symbol0" layername="swap_mygita" frame="0" z_index="1" m_a="3.511362" m_b="-0.076334" m_c="0.065356" m_d="3.006382" m_tx="1.748667" m_ty="34.136414"/>
  </frame>
  <frame idx="25" w="108" h="282" x="71.812813" y="132.665573">
   <element name="symbol0" layername="swap_mygita" frame="0" z_index="1" m_a="3.511414" m_b="-0.073916" m_c="0.063286" m_d="3.006426" m_tx="13.000000" m_ty="-0.045627"/>
  </frame>
  <frame idx="50" w="108" h="283" x="71.681450" y="131.678314">
   <element name="symbol0" layername="swap_mygita" frame="0" z_index="1" m_a="3.511464" m_b="-0.071497" m_c="0.061215" m_d="3.006469" m_tx="13.000000" m_ty="-1.091255"/>
  </frame>
  <frame idx="75" w="108" h="284" x="71.550049" y="130.690979">
   <element name="symbol0" layername="swap_mygita" frame="0" z_index="1" m_a="3.511513" m_b="-0.069079" m_c="0.059144" m_d="3.006510" m_tx="13.000000" m_ty="-2.136882"/>
  </frame>
  <frame idx="100" w="108" h="285" x="71.418602" y="129.703537">
   <element name="symbol0" layername="swap_mygita" frame="0" z_index="1" m_a="3.511559" m_b="-0.066660" m_c="0.057074" m_d="3.006550" m_tx="13.000000" m_ty="-3.182509"/>
  </frame>
  <frame idx="125" w="108" h="286" x="71.287117" y="128.715973">
   <element name="symbol0" layername="swap_mygita" frame="0" z_index="1" m_a="3.511604" m_b="-0.064242" m_c="0.055003" m_d="3.006589" m_tx="13.000000" m_ty="-4.228137"/>
  </frame>
  <frame idx="150" w="108" h="286" x="71.155594" y="127.728363">
   <element name="symbol0" layername="swap_mygita" frame="0" z_index="1" m_a="3.511648" m_b="-0.061823" m_c="0.052932" m_d="3.006626" m_tx="13.000000" m_ty="-5.273764"/>
  </frame>
  <frame idx="175" w="108" h="288" x="71.024025" y="126.740646">
   <element name="symbol0" layername="swap_mygita" frame="0" z_index="1" m_a="3.511690" m_b="-0.059405" m_c="0.050862" m_d="3.006662" m_tx="13.000000" m_ty="-6.319392"/>
  </frame>
  <frame idx="200" w="107" h="289" x="70.892418" y="125.752831">
   <element name="symbol0" layername="swap_mygita" frame="0" z_index="1" m_a="3.511729" m_b="-0.056986" m_c="0.048791" m_d="3.006696" m_tx="13.000000" m_ty="-7.365019"/>
  </frame>
  <frame idx="225" w="107" h="290" x="70.760780" y="124.764969">
   <element name="symbol0" layername="swap_mygita" frame="0" z_index="1" m_a="3.511768" m_b="-0.054568" m_c="0.046720" m_d="3.006729" m_tx="13.000000" m_ty="-8.410646"/>
  </frame>
  <frame idx="250" w="107" h="291" x="70.629089" y="123.776970">
   <element name="symbol0" layername="swap_mygita" frame="0" z_index="1" m_a="3.511805" m_b="-0.052149" m_c="0.044649" m_d="3.006761" m_tx="13.000000" m_ty="-9.456273"/>
  </frame>
  <frame idx="275" w="107" h="292" x="70.497368" y="122.788895">
   <element name="symbol0" layername="swap_mygita" frame="0" z_index="1" m_a="3.511840" m_b="-0.049731" m_c="0.042579" m_d="3.006791" m_tx="13.000000" m_ty="-10.501901"/>
  </frame>
  <frame idx="300" w="107" h="293" x="70.365601" y="121.800720">
   <element name="symbol0" layername="swap_mygita" frame="0" z_index="1" m_a="3.511873" m_b="-0.047312" m_c="0.040508" m_d="3.006819" m_tx="13.000000" m_ty="-11.547528"/>
  </frame>
  <frame idx="325" w="107" h="294" x="70.233795" y="120.812447">
   <element name="symbol0" layername="swap_mygita" frame="0" z_index="1" m_a="3.511905" m_b="-0.044893" m_c="0.038437" m_d="3.006846" m_tx="13.000000" m_ty="-12.593156"/>
  </frame>
  <frame idx="350" w="107" h="295" x="70.101959" y="119.824120">
   <element name="symbol0" layername="swap_mygita" frame="0" z_index="1" m_a="3.511935" m_b="-0.042475" m_c="0.036366" m_d="3.006872" m_tx="13.000000" m_ty="-13.638783"/>
  </frame>
  <frame idx="375" w="106" h="295" x="69.970078" y="118.835678">
   <element name="symbol0" layername="swap_mygita" frame="0" z_index="1" m_a="3.511964" m_b="-0.040056" m_c="0.034295" m_d="3.006896" m_tx="13.000000" m_ty="-14.684411"/>
  </frame>
  <frame idx="400" w="106" h="296" x="69.838158" y="117.847153">
   <element name="symbol0" layername="swap_mygita" frame="0" z_index="1" m_a="3.511990" m_b="-0.037637" m_c="0.032224" m_d="3.006919" m_tx="13.000000" m_ty="-15.730038"/>
  </frame>
  <frame idx="425" w="106" h="297" x="69.706200" y="116.858536">
   <element name="symbol0" layername="swap_mygita" frame="0" z_index="1" m_a="3.512016" m_b="-0.035218" m_c="0.030153" m_d="3.006941" m_tx="13.000000" m_ty="-16.775665"/>
  </frame>
  <frame idx="450" w="106" h="299" x="69.574196" y="115.869820">
   <element name="symbol0" layername="swap_mygita" frame="0" z_index="1" m_a="3.512039" m_b="-0.032800" m_c="0.028083" m_d="3.006961" m_tx="13.000000" m_ty="-17.821293"/>
  </frame>
  <frame idx="475" w="106" h="300" x="69.442154" y="114.881012">
   <element name="symbol0" layername="swap_mygita" frame="0" z_index="1" m_a="3.512061" m_b="-0.030381" m_c="0.026012" m_d="3.006979" m_tx="13.000000" m_ty="-18.866920"/>
  </frame>
  <frame idx="500" w="106" h="301" x="69.310074" y="113.892113">
   <element name="symbol0" layername="swap_mygita" frame="0" z_index="1" m_a="3.512081" m_b="-0.027962" m_c="0.023941" m_d="3.006997" m_tx="13.000000" m_ty="-19.912546"/>
  </frame>
  <frame idx="525" w="106" h="302" x="69.177956" y="112.903122">
   <element name="symbol0" layername="swap_mygita" frame="0" z_index="1" m_a="3.512099" m_b="-0.025543" m_c="0.021870" m_d="3.007012" m_tx="13.000000" m_ty="-20.958176"/>
  </frame>
  <frame idx="550" w="106" h="303" x="69.045799" y="111.914047">
   <element name="symbol0" layername="swap_mygita" frame="0" z_index="1" m_a="3.512116" m_b="-0.023124" m_c="0.019799" m_d="3.007027" m_tx="13.000000" m_ty="-22.003801"/>
  </frame>
  <frame idx="575" w="105" h="303" x="68.913605" y="110.924873">
   <element name="symbol0" layername="swap_mygita" frame="0" z_index="1" m_a="3.512131" m_b="-0.020706" m_c="0.017728" m_d="3.007040" m_tx="13.000000" m_ty="-23.049431"/>
  </frame>
  <frame idx="600" w="105" h="304" x="68.781380" y="109.935631">
   <element name="symbol0" layername="swap_mygita" frame="0" z_index="1" m_a="3.512145" m_b="-0.018287" m_c="0.015657" m_d="3.007051" m_tx="13.000000" m_ty="-24.095057"/>
  </frame>
  <frame idx="625" w="105" h="305" x="68.649101" y="108.946274">
   <element name="symbol0" layername="swap_mygita" frame="0" z_index="1" m_a="3.512156" m_b="-0.015868" m_c="0.013586" m_d="3.007061" m_tx="13.000000" m_ty="-25.140686"/>
  </frame>
  <frame idx="650" w="105" h="306" x="68.516785" y="107.956848">
   <element name="symbol0" layername="swap_mygita" frame="0" z_index="1" m_a="3.512166" m_b="-0.013449" m_c="0.011515" m_d="3.007070" m_tx="13.000000" m_ty="-26.186312"/>
  </frame>
  <frame idx="675" w="105" h="307" x="68.384430" y="106.967308">
   <element name="symbol0" layername="swap_mygita" frame="0" z_index="1" m_a="3.512175" m_b="-0.011030" m_c="0.009444" m_d="3.007077" m_tx="13.000000" m_ty="-27.231939"/>
  </frame>
  <frame idx="700" w="105" h="308" x="68.252052" y="105.977684">
   <element name="symbol0" layername="swap_mygita" frame="0" z_index="1" m_a="3.512182" m_b="-0.008611" m_c="0.007373" m_d="3.007083" m_tx="13.000000" m_ty="-28.277567"/>
  </frame>
  <frame idx="725" w="105" h="310" x="68.119621" y="104.987961">
   <element name="symbol0" layername="swap_mygita" frame="0" z_index="1" m_a="3.512187" m_b="-0.006192" m_c="0.005302" m_d="3.007087" m_tx="13.000000" m_ty="-29.323193"/>
  </frame>
  <frame idx="750" w="104" h="311" x="67.987152" y="103.998146">
   <element name="symbol0" layername="swap_mygita" frame="0" z_index="1" m_a="3.512190" m_b="-0.003773" m_c="0.003231" m_d="3.007090" m_tx="13.000000" m_ty="-30.368822"/>
  </frame>
  <frame idx="775" w="104" h="311" x="67.854652" y="103.008263">
   <element name="symbol0" layername="swap_mygita" frame="0" z_index="1" m_a="3.512192" m_b="-0.001355" m_c="0.001160" m_d="3.007092" m_tx="13.000000" m_ty="-31.414448"/>
  </frame>
  <frame idx="800" w="105" h="308" x="67.376701" y="105.797066">
   <element name="symbol0" layername="swap_mygita" frame="0" z_index="1" m_a="3.512190" m_b="-0.003981" m_c="0.003409" m_d="3.007090" m_tx="12.378146" m_ty="-28.565119"/>
  </frame>
  <frame idx="825" w="107" h="301" x="66.472855" y="113.400146">
   <element name="symbol0" layername="swap_mygita" frame="0" z_index="1" m_a="3.512168" m_b="-0.013027" m_c="0.011153" m_d="3.007071" m_tx="10.979158" m_ty="-20.752827"/>
  </frame>
  <frame idx="850" w="109" h="292" x="65.588409" y="121.009361">
   <element name="symbol0" layername="swap_mygita" frame="0" z_index="1" m_a="3.512123" m_b="-0.022070" m_c="0.018896" m_d="3.007033" m_tx="9.600214" m_ty="-12.933114"/>
  </frame>
  <frame idx="875" w="112" h="284" x="64.723648" y="128.624573">
   <element name="symbol0" layername="swap_mygita" frame="0" z_index="1" m_a="3.512054" m_b="-0.031117" m_c="0.026642" m_d="3.006974" m_tx="8.241305" m_ty="-5.106074"/>
  </frame>
  <frame idx="900" w="114" h="277" x="63.878265" y="136.245850">
   <element name="symbol0" layername="swap_mygita" frame="0" z_index="1" m_a="3.511962" m_b="-0.040160" m_c="0.034385" m_d="3.006895" m_tx="6.902501" m_ty="2.728225"/>
  </frame>
  <frame idx="925" w="115" h="269" x="63.052437" y="143.873047">
   <element name="symbol0" layername="swap_mygita" frame="0" z_index="1" m_a="3.511847" m_b="-0.049203" m_c="0.042127" m_d="3.006797" m_tx="5.583808" m_ty="10.569700"/>
  </frame>
  <frame idx="950" w="117" h="261" x="62.246376" y="151.505981">
   <element name="symbol0" layername="swap_mygita" frame="0" z_index="1" m_a="3.511709" m_b="-0.058249" m_c="0.049872" m_d="3.006679" m_tx="4.285246" m_ty="18.418270"/>
  </frame>
  <frame idx="975" w="119" h="252" x="61.459743" y="159.144730">
   <element name="symbol0" layername="swap_mygita" frame="0" z_index="1" m_a="3.511547" m_b="-0.067291" m_c="0.057614" m_d="3.006540" m_tx="3.006860" m_ty="26.273869"/>
  </frame>
 </anim>
</Anims>
